{"reason":"benchmark-complete","id":"mul-throughput<M31> 100x times 1x ","report_directory":"/home/farmer/Expander-rs/target/criterion/reports/mul-throughput_M31_ 100x times 1x ","iteration_count":[2871,5742,8613,11484,14355,17226,20097,22968,25839,28710,31581,34452,37323,40194,43065,45936,48807,51678,54549,57420,60291,63162,66033,68904,71775,74646,77517,80388,83259,86130,89001,91872,94743,97614,100485,103356,106227,109098,111969,114840,117711,120582,123453,126324,129195,132066,134937,137808,140679,143550,146421,149292,152163,155034,157905,160776,163647,166518,169389,172260,175131,178002,180873,183744,186615,189486,192357,195228,198099,200970,203841,206712,209583,212454,215325,218196,221067,223938,226809,229680,232551,235422,238293,241164,244035,246906,249777,252648,255519,258390,261261,264132,267003,269874,272745,275616,278487,281358,284229,287100],"measured_values":[161996.0,324745.0,478968.0,643368.0,907410.0,986269.0,1146281.0,1305675.0,1446921.0,1613667.0,1762469.0,1928232.0,2169870.0,2355373.0,2408160.0,2594395.0,2802109.0,2948513.0,3064998.0,3247161.0,3624286.0,3793418.0,3861905.0,3956877.0,6673433.0,4468454.0,4410807.0,4535955.0,4693750.0,4792060.0,5058835.0,5471376.0,5466296.0,5520860.0,5649323.0,5825887.0,5995339.0,6310925.0,6371210.0,6485164.0,6586058.0,6806719.0,7155131.0,7087006.0,7516848.0,7576071.0,7731868.0,7878547.0,8015854.0,8202411.0,8554775.0,8773961.0,8751427.0,8883751.0,9213180.0,9247398.0,9387124.0,9519793.0,9568668.0,9774218.0,10013550.0,10079406.0,10335769.0,10388099.0,10663782.0,10725778.0,10960789.0,11024945.0,11170837.0,11305238.0,11599104.0,11611506.0,11937385.0,12125411.0,12234667.0,12277378.0,12520128.0,12794398.0,12935946.0,13041988.0,13175098.0,13224272.0,13437953.0,13679971.0,13796394.0,13918219.0,14167882.0,14441007.0,14578938.0,14598137.0,14814506.0,15261079.0,15131085.0,15711657.0,16037532.0,15585055.0,15722243.0,15875876.0,16131012.0,16363591.0],"unit":"ns","throughput":[],"typical":{"estimate":57.009223661429445,"lower_bound":56.820993635546245,"upper_bound":57.243704862695026,"unit":"ns"},"mean":{"estimate":57.4341739230419,"lower_bound":56.918513927727425,"upper_bound":58.28929904522203,"unit":"ns"},"median":{"estimate":56.82987097523249,"lower_bound":56.63499301116856,"upper_bound":57.03453566657408,"unit":"ns"},"median_abs_dev":{"estimate":0.5997342259679126,"lower_bound":0.4788994722826896,"upper_bound":0.8190469541888677,"unit":"ns"},"slope":{"estimate":57.009223661429445,"lower_bound":56.820993635546245,"upper_bound":57.243704862695026,"unit":"ns"},"change":null}
{"reason":"group-complete","group_name":"mul-throughput<M31> 100x times 1x ","benchmarks":["mul-throughput<M31> 100x times 1x "],"report_directory":"/home/farmer/Expander-rs/target/criterion/reports/mul-throughput_M31_ 100x times 1x "}
{"reason":"benchmark-complete","id":"mul-latency<M31> 100x times 1x ","report_directory":"/home/farmer/Expander-rs/target/criterion/reports/mul-latency_M31_ 100x times 1x ","iteration_count":[4872,9744,14616,19488,24360,29232,34104,38976,43848,48720,53592,58464,63336,68208,73080,77952,82824,87696,92568,97440,102312,107184,112056,116928,121800,126672,131544,136416,141288,146160,151032,155904,160776,165648,170520,175392,180264,185136,190008,194880,199752,204624,209496,214368,219240,224112,228984,233856,238728,243600,248472,253344,258216,263088,267960,272832,277704,282576,287448,292320,297192,302064,306936,311808,316680,321552,326424,331296,336168,341040,345912,350784,355656,360528,365400,370272,375144,380016,384888,389760,394632,399504,404376,409248,414120,418992,423864,428736,433608,438480,443352,448224,453096,457968,462840,467712,472584,477456,482328,487200],"measured_values":[682351.0,1348685.0,2004726.0,2708261.0,3427062.0,4154560.0,4851389.0,5506934.0,6244172.0,6832404.0,7475180.0,8134450.0,8673321.0,9979372.0,10017237.0,10626380.0,11137560.0,12262231.0,12862746.0,12731399.0,13130222.0,13778924.0,14372957.0,15808333.0,16163282.0,16277531.0,16980357.0,17696313.0,18155454.0,18858351.0,19756802.0,19906803.0,20904646.0,21609780.0,22807231.0,23038350.0,23332740.0,24212518.0,24617455.0,25057389.0,25549301.0,26474559.0,27054724.0,27460837.0,28045805.0,29093185.0,29962920.0,30101540.0,30793216.0,31564084.0,32430628.0,32570822.0,33449132.0,33762707.0,35015487.0,35189188.0,36994362.0,36444325.0,37506152.0,37902542.0,37954647.0,39764449.0,40082808.0,40368878.0,40871247.0,41060900.0,41925706.0,42792181.0,43266263.0,43817260.0,44667355.0,45474038.0,46083269.0,47232283.0,48159343.0,48463145.0,48629178.0,49069022.0,49798048.0,50206958.0,51011511.0,51909488.0,51632478.0,52398646.0,53901128.0,53534584.0,54950928.0,54677127.0,55877643.0,56412615.0,58300172.0,57421231.0,58577627.0,59366907.0,59711511.0,61651568.0,62393090.0,62255095.0,62636170.0,64810112.0],"unit":"ns","throughput":[],"typical":{"estimate":129.73080944409784,"lower_bound":129.36295235644326,"upper_bound":130.12248853796297,"unit":"ns"},"mean":{"estimate":131.54561727796263,"lower_bound":130.7424986681602,"upper_bound":132.41192776787733,"unit":"ns"},"median":{"estimate":129.63913415230672,"lower_bound":129.38321797509926,"upper_bound":130.4560272384816,"unit":"ns"},"median_abs_dev":{"estimate":1.7057612705982,"lower_bound":1.3605180300893762,"upper_bound":2.565564227050661,"unit":"ns"},"slope":{"estimate":129.73080944409784,"lower_bound":129.36295235644326,"upper_bound":130.12248853796297,"unit":"ns"},"change":null}
{"reason":"group-complete","group_name":"mul-latency<M31> 100x times 1x ","benchmarks":["mul-latency<M31> 100x times 1x "],"report_directory":"/home/farmer/Expander-rs/target/criterion/reports/mul-latency_M31_ 100x times 1x "}
{"reason":"benchmark-complete","id":"sqr-throughput<M31> 100x times 1x","report_directory":"/home/farmer/Expander-rs/target/criterion/reports/sqr-throughput_M31_ 100x times 1x","iteration_count":[2920,5840,8760,11680,14600,17520,20440,23360,26280,29200,32120,35040,37960,40880,43800,46720,49640,52560,55480,58400,61320,64240,67160,70080,73000,75920,78840,81760,84680,87600,90520,93440,96360,99280,102200,105120,108040,110960,113880,116800,119720,122640,125560,128480,131400,134320,137240,140160,143080,146000,148920,151840,154760,157680,160600,163520,166440,169360,172280,175200,178120,181040,183960,186880,189800,192720,195640,198560,201480,204400,207320,210240,213160,216080,219000,221920,224840,227760,230680,233600,236520,239440,242360,245280,248200,251120,254040,256960,259880,262800,265720,268640,271560,274480,277400,280320,283240,286160,289080,292000],"measured_values":[139426.0,278629.0,420306.0,583218.0,720332.0,852147.0,1050036.0,1163636.0,1267620.0,1394783.0,1560685.0,1706752.0,1848787.0,1959262.0,2113191.0,2267374.0,2498497.0,2540087.0,2653616.0,2899151.0,3183514.0,3320200.0,3281676.0,3396374.0,3761125.0,3733133.0,3857116.0,3996411.0,4124026.0,4284847.0,4391369.0,4562104.0,4673823.0,4860497.0,5007046.0,5129478.0,5294259.0,5398598.0,5521760.0,5656223.0,6042637.0,6258735.0,6390683.0,6318650.0,6471293.0,6702062.0,6681782.0,6805070.0,7217322.0,7365909.0,7363689.0,7581132.0,7659691.0,7861424.0,8134662.0,7952366.0,8024311.0,8178811.0,8313475.0,8436563.0,11316492.0,9065718.0,9117224.0,9549134.0,9428931.0,9312003.0,9845350.0,9656133.0,9883504.0,10015455.0,10310200.0,10224497.0,10399619.0,10485696.0,10860784.0,10975025.0,11236405.0,11185752.0,11383518.0,11597319.0,11796060.0,11676430.0,12261599.0,12152181.0,12254054.0,12646598.0,12762398.0,12977077.0,12727781.0,13200162.0,12950302.0,13101088.0,13285066.0,13406117.0,13563202.0,13558946.0,14307690.0,13895384.0,14220739.0,14154003.0],"unit":"ns","throughput":[],"typical":{"estimate":49.484364855837455,"lower_bound":49.182076066978084,"upper_bound":49.90372896665284,"unit":"ns"},"mean":{"estimate":49.39159812122717,"lower_bound":49.10933213525268,"upper_bound":49.76834004426056,"unit":"ns"},"median":{"estimate":48.98411514105411,"lower_bound":48.819138006412125,"upper_bound":49.33780821917808,"unit":"ns"},"median_abs_dev":{"estimate":0.8284399090936218,"lower_bound":0.6008238893565931,